source,target,type,weight
FemaleDatingStrategy,asiantwoX,submission,3
FemaleDatingStrategy,aspergers,submission,3
FemaleDatingStrategy,aspergers,submission,3
FemaleDatingStrategy,AskFDS,submission,3
FemaleDatingStrategy,childfree,submission,3
FemaleDatingStrategy,childfree,submission,3
FemaleDatingStrategy,asiantwoX,comment,1
FemaleDatingStrategy,asiantwoX,comment,1
FemaleDatingStrategy,brisbane,comment,1
FemaleDatingStrategy,raisedbyborderlines,comment,1
FemaleDatingStrategy,Vindicta,comment,1
FemaleDatingStrategy,BodyDysmorphia,comment,1
FemaleDatingStrategy,BodyDysmorphia,comment,1
FemaleDatingStrategy,PornFreeRelationships,comment,1
FemaleDatingStrategy,PornFreeRelationships,comment,1
FemaleDatingStrategy,FemaleLevelUpStrategy,comment,1
FemaleDatingStrategy,amiugly,comment,1
FemaleDatingStrategy,childfree,comment,1
FemaleDatingStrategy,childfree,comment,1
FemaleDatingStrategy,childfree,comment,1
FemaleDatingStrategy,childfree,comment,1
asiantwoX,perth,submission,3
asiantwoX,asiantwoX,submission,3
asiantwoX,FemaleDatingStrategy,submission,3
asiantwoX,asiantwoX,submission,3
asiantwoX,perth,comment,1
asiantwoX,AskWomen,comment,1
asiantwoX,perth,comment,1
asiantwoX,AskWomen,comment,1
asiantwoX,asiantwoX,comment,1
asiantwoX,FemaleDatingStrategy,comment,1
asiantwoX,asiantwoX,comment,1
asiantwoX,FemaleDatingStrategy,comment,1
asiantwoX,asiantwoX,comment,1
asiantwoX,asianamerican,comment,1
asiantwoX,starterpacks,comment,1
asiantwoX,television,comment,1
aspergers,aspergers,submission,3
aspergers,dating_advice,submission,3
aspergers,aspergers,submission,3
aspergers,enoughpetersonspam,submission,3
aspergers,horrormovie,submission,3
aspergers,autism,submission,3
aspergers,aspergers,submission,3
aspergers,GODZILLA,submission,3
aspergers,Art,submission,3
aspergers,MidnightMass,submission,3
aspergers,saab,submission,3
aspergers,DestinyFashion,submission,3
aspergers,CoronavirusDownunder,comment,1
aspergers,CoronavirusDownunder,comment,1
aspergers,memes,comment,1
aspergers,australia,comment,1
aspergers,aspergers,comment,1
aspergers,CPTSD,comment,1
aspergers,skyrim,comment,1
aspergers,badphilosophy,comment,1
aspergers,aspergers,comment,1
aspergers,Tinder,comment,1
aspergers,BPD,comment,1
aspergers,GaySoundsShitposts,comment,1
aspergers,aspergers,comment,1
aspergers,GODZILLA,comment,1
aspergers,masseffect,comment,1
aspergers,TwoXChromosomes,comment,1
aspergers,aspergers,comment,1
aspergers,aspergers,comment,1
aspergers,MidnightMass,comment,1
aspergers,aspergers,comment,1
aspergers,aspergers,comment,1
aspergers,iRacing,comment,1
aspergers,iRacing,comment,1
aspergers,sabaton,comment,1
AskFDS,AskFDS,submission,3
AskFDS,FemaleDatingStrategy,submission,3
AskFDS,Sonographers,submission,3
AskFDS,doggrooming,submission,3
AskFDS,Israel,submission,3
AskFDS,Jewish,submission,3
AskFDS,FemaleDatingStrategy,submission,3
AskFDS,FemaleLevelUpStrategy,submission,3
AskFDS,careerguidance,submission,3
AskFDS,FemaleDatingStrategy,submission,3
AskFDS,AskFDS,submission,3
AskFDS,handbags,submission,3
AskFDS,AskFDS,comment,1
AskFDS,FemaleDatingStrategy,comment,1
AskFDS,zoloft,comment,1
AskFDS,squidgame,comment,1
AskFDS,antiwork,comment,1
AskFDS,AntiworkPosters,comment,1
AskFDS,antiwork,comment,1
AskFDS,antiwork,comment,1
AskFDS,AskReddit,comment,1
AskFDS,AskReddit,comment,1
AskFDS,AskReddit,comment,1
AskFDS,AskReddit,comment,1
AskFDS,AskFDS,comment,1
AskFDS,FemaleDatingStrategy,comment,1
AskFDS,FemaleDatingStrategy,comment,1
AskFDS,FemaleLevelUpStrategy,comment,1
AskFDS,AskFDS,comment,1
AskFDS,FemaleDatingStrategy,comment,1
AskFDS,FemaleDatingStrategy,comment,1
AskFDS,FemaleDatingStrategy,comment,1
AskFDS,FemaleDatingStrategy,comment,1
AskFDS,FemaleDatingStrategy,comment,1
AskFDS,FemaleDatingStrategy,comment,1
AskFDS,FemaleDatingStrategy,comment,1
childfree,childfree,submission,3
childfree,Windows11,submission,3
childfree,PokemonGoIreland,submission,3
childfree,cat,submission,3
childfree,childfree,submission,3
childfree,GDR,submission,3
childfree,childfree,submission,3
childfree,nosleep,submission,3
childfree,solar,submission,3
childfree,DestinyTheGame,submission,3
childfree,kurzgesagt,submission,3
childfree,newzealand,submission,3
childfree,memes,comment,1
childfree,childfree,comment,1
childfree,childfree,comment,1
childfree,childfree,comment,1
childfree,childfree,comment,1
childfree,HollowKnight,comment,1
childfree,HollowKnight,comment,1
childfree,meme,comment,1
childfree,childfree,comment,1
childfree,childfree,comment,1
childfree,antiwork,comment,1
childfree,rpghorrorstories,comment,1
childfree,infj,comment,1
childfree,tipofmytongue,comment,1
childfree,tipofmytongue,comment,1
childfree,tipofmytongue,comment,1
childfree,childfree,comment,1
childfree,funny,comment,1
childfree,solar,comment,1
childfree,funny,comment,1
childfree,childfree,comment,1
childfree,Deuxmoi,comment,1
childfree,newzealand,comment,1
childfree,MadeMeSmile,comment,1
brisbane,CoronavirusDownunder,submission,3
brisbane,CryptoCurrency,submission,3
brisbane,shib,submission,3
brisbane,brisbane,submission,3
brisbane,AskAnAustralian,submission,3
brisbane,queensland,submission,3
brisbane,brisbane,submission,3
brisbane,brisbane,submission,3
brisbane,ElectricScooters,submission,3
brisbane,brisbane,comment,1
brisbane,brisbane,comment,1
brisbane,brisbane,comment,1
brisbane,australia,comment,1
brisbane,brisbane,comment,1
brisbane,offmychest,comment,1
brisbane,canberra,comment,1
brisbane,brisbane,comment,1
brisbane,AskAnAustralian,comment,1
brisbane,pics,comment,1
brisbane,morbidquestions,comment,1
brisbane,morbidquestions,comment,1
brisbane,brisbane,comment,1
brisbane,australia,comment,1
brisbane,brisbane,comment,1
brisbane,IDontWorkHereLady,comment,1
brisbane,brisbane,comment,1
brisbane,brisbane,comment,1
brisbane,brisbane,comment,1
brisbane,brisbane,comment,1
brisbane,brisbane,comment,1
brisbane,brisbane,comment,1
brisbane,MacOS,comment,1
brisbane,ipadwallpapers,comment,1
raisedbyborderlines,raisedbyborderlines,submission,3
raisedbyborderlines,antiwork,submission,3
raisedbyborderlines,raisedbyborderlines,submission,3
raisedbyborderlines,raisedbyborderlines,submission,3
raisedbyborderlines,BryceCanyon,submission,3
raisedbyborderlines,iamverysmart,submission,3
raisedbyborderlines,raisedbyborderlines,submission,3
raisedbyborderlines,raisedbyborderlines,submission,3
raisedbyborderlines,raisedbyborderlines,submission,3
raisedbyborderlines,thalassophobia,submission,3
raisedbyborderlines,AmItheAsshole,comment,1
raisedbyborderlines,AmItheAsshole,comment,1
raisedbyborderlines,AskReddit,comment,1
raisedbyborderlines,AmItheAsshole,comment,1
raisedbyborderlines,raisedbyborderlines,comment,1
raisedbyborderlines,raisedbyborderlines,comment,1
raisedbyborderlines,raisedbyborderlines,comment,1
raisedbyborderlines,raisedbyborderlines,comment,1
raisedbyborderlines,raisedbyborderlines,comment,1
raisedbyborderlines,BitcoinBeginners,comment,1
raisedbyborderlines,Grapplerbaki,comment,1
raisedbyborderlines,ethtrader,comment,1
raisedbyborderlines,raisedbyborderlines,comment,1
raisedbyborderlines,MealPrepSunday,comment,1
raisedbyborderlines,mycology,comment,1
raisedbyborderlines,MealPrepSunday,comment,1
raisedbyborderlines,raisedbynarcissists,comment,1
raisedbyborderlines,raisedbyborderlines,comment,1
raisedbyborderlines,raisedbyborderlines,comment,1
raisedbyborderlines,raisedbyborderlines,comment,1
Vindicta,FemaleHairLoss,submission,3
Vindicta,FemaleHairLoss,submission,3
Vindicta,Vindicta,submission,3
Vindicta,Kibbe,submission,3
Vindicta,mildlyinfuriating,submission,3
Vindicta,raisedbynarcissists,submission,3
Vindicta,Vindicta,submission,3
Vindicta,mbti,submission,3
Vindicta,AskFDS,submission,3
Vindicta,relationships,submission,3
Vindicta,Vindicta,comment,1
Vindicta,PCOS,comment,1
Vindicta,PCOS,comment,1
Vindicta,PCOS,comment,1
Vindicta,Vindicta,comment,1
Vindicta,trueratecelebrities,comment,1
Vindicta,tech,comment,1
Vindicta,trueratecelebrities,comment,1
Vindicta,Vindicta,comment,1
Vindicta,Vindicta,comment,1
Vindicta,Deuxmoi,comment,1
Vindicta,StupidFood,comment,1
Vindicta,Vindicta,comment,1
Vindicta,tipofmytongue,comment,1
Vindicta,tipofmytongue,comment,1
Vindicta,Splendida,comment,1
Vindicta,Vindicta,comment,1
Vindicta,Vindicta,comment,1
Vindicta,VindictaRateme,comment,1
Vindicta,FemaleLevelUpStrategy,comment,1
BodyDysmorphia,Vent,submission,3
BodyDysmorphia,depressionmeals,submission,3
BodyDysmorphia,BodyDysmorphia,submission,3
BodyDysmorphia,residentevil,submission,3
BodyDysmorphia,ugly,submission,3
BodyDysmorphia,Accutane,submission,3
BodyDysmorphia,hapas,submission,3
BodyDysmorphia,BodyDysmorphia,submission,3
BodyDysmorphia,BodyDysmorphia,comment,1
BodyDysmorphia,Anticonsumption,comment,1
BodyDysmorphia,BodyDysmorphia,comment,1
BodyDysmorphia,BlackLGBT,comment,1
BodyDysmorphia,BodyDysmorphia,comment,1
BodyDysmorphia,residentevil,comment,1
BodyDysmorphia,residentevil,comment,1
BodyDysmorphia,residentevil,comment,1
BodyDysmorphia,BodyDysmorphia,comment,1
BodyDysmorphia,ugly,comment,1
BodyDysmorphia,Accutane,comment,1
BodyDysmorphia,Accutane,comment,1
BodyDysmorphia,Adelaide,comment,1
BodyDysmorphia,Adelaide,comment,1
BodyDysmorphia,BodyDysmorphia,comment,1
PornFreeRelationships,PornFreeRelationships,submission,3
PornFreeRelationships,NoFapCatholics,submission,3
PornFreeRelationships,sarmsourcetalk,submission,3
PornFreeRelationships,pedsourcetalk,submission,3
PornFreeRelationships,PornHatesWomen,submission,3
PornFreeRelationships,PornHatesWomen,submission,3
PornFreeRelationships,PornAddiction,submission,3
PornFreeRelationships,PornFreeRelationships,submission,3
PornFreeRelationships,PornFreeRelationships,comment,1
PornFreeRelationships,PornFreeRelationships,comment,1
PornFreeRelationships,NoFap,comment,1
PornFreeRelationships,NoFap,comment,1
PornFreeRelationships,PornFreeRelationships,comment,1
PornFreeRelationships,AmericasSocialists,comment,1
PornFreeRelationships,stupidpol,comment,1
PornFreeRelationships,linux_gaming,comment,1
PornFreeRelationships,PornHatesWomen,comment,1
PornFreeRelationships,PornHatesWomen,comment,1
PornFreeRelationships,PornFreeRelationships,comment,1
PornFreeRelationships,PornHatesWomen,comment,1
PornFreeRelationships,PornAddiction,comment,1
PornFreeRelationships,loveafterporn,comment,1
PornFreeRelationships,loveafterporn,comment,1
PornFreeRelationships,PornAddiction,comment,1
FemaleLevelUpStrategy,FemaleLevelUpStrategy,submission,3
FemaleLevelUpStrategy,AskReddit,submission,3
FemaleLevelUpStrategy,FemaleDatingStrategy,submission,3
FemaleLevelUpStrategy,ukpolitics,submission,3
FemaleLevelUpStrategy,FemaleDatingStrategy,submission,3
FemaleLevelUpStrategy,FemaleLevelUpStrategy,submission,3
FemaleLevelUpStrategy,FemaleLevelUpStrategy,submission,3
FemaleLevelUpStrategy,conspiracy,comment,1
FemaleLevelUpStrategy,conspiracy,comment,1
FemaleLevelUpStrategy,conspiracy,comment,1
FemaleLevelUpStrategy,FemaleLevelUpStrategy,comment,1
FemaleLevelUpStrategy,FemaleLevelUpStrategy,comment,1
FemaleLevelUpStrategy,FemaleDatingStrategy,comment,1
FemaleLevelUpStrategy,FemaleDatingStrategy,comment,1
FemaleLevelUpStrategy,FemaleDatingStrategy,comment,1
FemaleLevelUpStrategy,FemaleLevelUpStrategy,comment,1
FemaleLevelUpStrategy,FemaleLevelUpStrategy,comment,1
FemaleLevelUpStrategy,antiwork,comment,1
FemaleLevelUpStrategy,antiwork,comment,1
FemaleLevelUpStrategy,antiwork,comment,1
FemaleLevelUpStrategy,blackladies,comment,1
FemaleLevelUpStrategy,women,comment,1
FemaleLevelUpStrategy,FDSSuperFans,comment,1
FemaleLevelUpStrategy,Instagramreality,comment,1
amiugly,u_attella00,submission,3
amiugly,u_attella00,submission,3
amiugly,amiugly,submission,3
amiugly,phenotypes,submission,3
amiugly,amiugly,submission,3
amiugly,lesbianfashionadvice,submission,3
amiugly,nickelodeon,submission,3
amiugly,icarly,submission,3
amiugly,DesperateHousewives,submission,3
amiugly,DesperateHousewives,submission,3
amiugly,tattoos,comment,1
amiugly,FreeCompliments,comment,1
amiugly,amiugly,comment,1
amiugly,amiugly,comment,1
amiugly,amiugly,comment,1
amiugly,amiugly,comment,1
amiugly,phenotypes,comment,1
amiugly,phenotypes,comment,1
amiugly,amiugly,comment,1
amiugly,amiugly,comment,1
amiugly,amiugly,comment,1
amiugly,AskReddit,comment,1
amiugly,amiugly,comment,1
amiugly,amiugly,comment,1
amiugly,amiugly,comment,1
amiugly,amiugly,comment,1
amiugly,amiugly,comment,1
amiugly,GilmoreGirls,comment,1
amiugly,GilmoreGirls,comment,1
amiugly,amiugly,comment,1
